{
  "stateSequenceTime" : [
    16.654531955718994,
    35.415562987327576,
    35.742735028266907,
    61.479501008987427,
    105.05300295352936
  ],
  "PathID" : "2E8519AA-4E63-4B9E-9D4E-05F7AFA202872023-04-21T17:47:44-04:00-0",
  "hasMap" : false,
  "trackingErrorTime" : [
    8.9911240339279175
  ],
  "userId" : "izmWIWH4BLOq1kCq6MS0qt5Atti2",
  "PathType" : "notrated",
  "garAnchorTimestamps" : [

  ],
  "isVoiceOverOn" : false,
  "keypointData" : [
    [
      -1.7881553173065186,
      0.36819320917129517,
      -2.4187817573547363,
      1.876618504524231
    ],
    [
      8.5311489105224609,
      0.43351241946220398,
      -11.177684783935547,
      1.7443751096725464
    ],
    [
      12.554247856140137,
      0.42784890532493591,
      -15.21683406829834,
      1.6923621892929077
    ],
    [
      15.117679595947266,
      0.39703303575515747,
      -18.798454284667969,
      1.7742583751678467
    ],
    [
      17.049449920654297,
      0.39222085475921631,
      -22.091156005859375,
      1.6933380365371704
    ],
    [
      19.974214553833008,
      0.36922714114189148,
      -29.145755767822266,
      1.5123746395111084
    ],
    [
      20.441917419433594,
      0.39896893501281738,
      -33.133743286132812,
      1.542503833770752
    ],
    [
      19.940227508544922,
      0.42142307758331299,
      -35.674003601074219,
      1.529880166053772
    ]
  ],
  "routeId" : "D5DC905F-9634-4A20-AC56-A180944EF927",
  "settingsHistory" : [
    {
      "soundFeedback" : true,
      "voiceFeedback" : true,
      "visualizeCloudAnchors" : false,
      "filterGeoSpatial" : true,
      "disableARWorldMap" : true,
      "hapticFeedback" : true,
      "localizationThreshold" : 0,
      "sendLogs" : true,
      "defaultUnit" : 0,
      "timerLength" : 5,
      "relativeTimeStamp" : 1.3518880605697632,
      "defaultColor" : 0,
      "adjustOffset" : false
    },
    {
      "disableARWorldMap" : true,
      "sendLogs" : true,
      "soundFeedback" : true,
      "voiceFeedback" : true,
      "relativeTimeStamp" : 14.434944987297058,
      "adjustOffset" : false,
      "filterGeoSpatial" : true,
      "defaultColor" : 0,
      "localizationThreshold" : 0,
      "timerLength" : 5,
      "visualizeCloudAnchors" : false,
      "hapticFeedback" : true,
      "defaultUnit" : 0
    }
  ],
  "ARLoggerDataDir" : "visual_alignment_benchmarking\/in front of mac\/izmWIWH4BLOq1kCq6MS0qt5Atti2\/C02D1585-6735-4AB7-8897-C5D024899713",
  "cloudAnchorsForAlignment" : [
    {
      "anchorIdentifier" : "6BBDC2BB-F972-46E3-88D1-CFD655208CEB",
      "cloudAnchorID" : "ua-cd37d47fce2d48d841be99b6f88237e7",
      "anchorTransform" : [
        -0.82206553220748901,
        1.4413439330951405e-09,
        -0.5693928599357605,
        0,
        4.8214261028078909e-08,
        1,
        -6.7078353538363444e-08,
        0,
        0.5693928599357605,
        -8.2595661865525472e-08,
        -0.82206553220748901,
        0,
        13.843692779541016,
        0.3935120701789856,
        -16.967723846435547,
        1
      ]
    },
    {
      "anchorTransform" : [
        0.65587788820266724,
        1.1352545570275652e-08,
        0.75486695766448975,
        0,
        -8.6682829802953165e-09,
        1,
        -7.50756079526127e-09,
        0,
        -0.75486695766448975,
        -1.6193570928635381e-09,
        0.65587788820266724,
        0,
        -2.0979404449462891,
        0.43843865394592285,
        -2.2149736881256104,
        1
      ],
      "cloudAnchorID" : "ua-0682f4c2dd3873125cd30015404fe737",
      "anchorIdentifier" : "DEF62091-D7A9-4C7D-ABD1-A429652D30B6"
    },
    {
      "anchorTransform" : [
        -0.78155326843261719,
        -1.4765799694060888e-10,
        -0.62383848428726196,
        0,
        -4.9184101236221522e-10,
        1,
        3.7949235420775551e-10,
        0,
        0.62383848428726196,
        6.0342286722914196e-10,
        -0.78155326843261719,
        0,
        -1.7924808263778687,
        0.36870762705802917,
        -2.414783239364624,
        1
      ],
      "cloudAnchorID" : "ua-26adff2fbc6e0b3974419146f44af3b0",
      "anchorIdentifier" : "22073F31-10EA-4D9F-919F-EB4AA3AC4B38"
    }
  ],
  "trackingErrorData" : [
    "Normal"
  ],
  "garAnchors" : [

  ],
  "trackingErrorPhase" : [
    false
  ],
  "PathDate" : "2023-04-21T17:47:44-04:00",
  "garAnchorCameraWorldTransformsAndGeoSpatialData" : [

  ],
  "stateSequence" : [
    "mainScreen(announceArrival=false)",
    "startingResumeProcedure(route=D5DC905F-9634-4A20-AC56-A180944EF927, mapexists=false, navigateStartToEnd=true)",
    "startingResumeProcedure(route=D5DC905F-9634-4A20-AC56-A180944EF927, mapexists=false, navigateStartToEnd=true)",
    "navigatingRoute",
    "endScreen"
  ]
}